{
    "scan_points": [
        [
            1.5,
            -2.799999952316284
        ],
        [
            -0.75,
            1.1
        ],
        [
            -0.5,
            1.1
        ],
        [
            -0.25,
            1.1
        ],
        [
            0.45,
            0.25
        ],
        [
            0.45,
            0.0
        ],
        [
            0.45,
            -0.25
        ],
        [
            1.5,
            -2.5
        ]
    ],
    "path_segments": [
        [
            1.5,
            -2.799999952316284,
            -1.15,
            -2.799999952316284,
            3
        ],
        [
            -1.15,
            -2.799999952316284,
            -1.15,
            1.1,
            3
        ],
        [
            -1.15,
            1.1000000476837158,
            0.450000011920929,
            1.1000000476837158,
            3
        ],
        [
            0.450000011920929,
            1.1000000476837158,
            0.450000011920929,
            -1.6000000476837158,
            4
        ],
        [
            0.450000011920929,
            -1.6000000476837158,
            -1.1,
            -1.6000000476837158,
            4
        ],
        [
            -1.1,
            -1.6000000476837158,
            -1.1,
            -2.5000000953674316,
            4
        ],
        [
            -1.1,
            -2.5000000953674316,
            1.5,
            -2.5000000953674316,
            4
        ],
        [
            1.5,
            -2.5000000953674316,
            1.5,
            -2.799999952316284,
            4
        ]
    ],
    "racks": [
        [
            -0.5,
            1.5,
            0.800000011920929,
            0.20000000298023224
        ],
        [
            1.0,
            0.0,
            0.20000000298023224,
            0.800000011920929
        ]
    ]
}