{
    "scan_points": [
        [
            1.5,
            -2.7899999618530273
        ],
        [
            1.5,
            -2.2899999618530273
        ],
        [
            -0.9700000286102295,
            1.2999999523162842
        ],
        [
            -0.7200000286102295,
            1.2999999523162842
        ],
        [
            -0.4699999988079071,
            1.2999999523162842
        ],
        [
            0.0,
            1.2999999523162842
        ],
        [
            0.25,
            1.2999999523162842
        ],
        [
            0.5,
            1.2999999523162842
        ],
        [
            0.75,
            1.1100000143051147
        ],
        [
            0.75,
            0.8600000143051147
        ],
        [
            0.75,
            0.6100000143051147
        ],
        [
            0.75,
            0.03999999910593033
        ],
        [
            0.75,
            -0.20999999344348907
        ],
        [
            0.75,
            -0.46000000834465027
        ],
        [
            0.75,
            -1.0
        ],
        [
            0.75,
            -1.25
        ],
        [
            0.75,
            -1.5
        ]
    ],
    "path_segments": [
        [
            1.5,
            -2.7899999618530273,
            -1.2400000095367432,
            -2.7899999618530273,
            3
        ],
        [
            -1.2400000095367432,
            -2.7899999618530273,
            -1.2400000095367432,
            1.2999999523162842,
            4
        ],
        [
            -1.2400000095367432,
            1.2999999523162842,
            0.75,
            1.2999999523162842,
            3
        ],
        [
            0.75,
            1.2999999523162842,
            0.75,
            -1.7100000381469727,
            4
        ],
        [
            0.75,
            -1.7100000381469727,
            -1.100000023841858,
            -1.7100000381469727,
            4
        ],
        [
            -1.100000023841858,
            -1.7100000381469727,
            -1.100000023841858,
            -2.2899999618530273,
            4
        ],
        [
            -1.100000023841858,
            -2.2899999618530273,
            1.5,
            -2.2899999618530273,
            4
        ],
        [
            1.5,
            -2.2899999618530273,
            1.5,
            -2.7899999618530273,
            3
        ]
    ],
    "racks": [
        [
            -0.7200000286102295,
            1.7200000286102295,
            0.9100000262260437,
            0.3499999940395355
        ],
        [
            0.25,
            1.7200000286102295,
            0.9100000262260437,
            0.3499999940395355
        ],
        [
            1.1699999570846558,
            0.8600000143051147,
            0.3499999940395355,
            0.9100000262260437
        ],
        [
            1.149999976158142,
            -0.20999999344348907,
            0.3499999940395355,
            0.9100000262260437
        ],
        [
            1.1799999475479126,
            -1.25,
            0.3499999940395355,
            0.9100000262260437
        ]
    ],
    "obstacle_bound": [
        -1.409999966621399,
        -1.850000023841858,
        0.9200000166893005,
        1.4700000286102295
    ],
    "arrival_threshold": 0.1,
    "theta_threshold": 0.05
}