{
    "scan_points": [
        [
            0.20999999344348907,
            -2.9600000381469727
        ],
        [
            -1.1399999856948853,
            1.309999942779541
        ],
        [
            -0.8899999856948853,
            1.309999942779541
        ],
        [
            -0.6399999856948853,
            1.309999942779541
        ],
        [
            0.019999999552965164,
            1.309999942779541
        ],
        [
            0.27000001072883606,
            1.309999942779541
        ],
        [
            0.5199999809265137,
            1.309999942779541
        ],
        [
            0.7799999713897705,
            1.1299999952316284
        ],
        [
            0.7799999713897705,
            0.8799999952316284
        ],
        [
            0.7799999713897705,
            0.6299999952316284
        ],
        [
            0.7799999713897705,
            0.0
        ],
        [
            0.7799999713897705,
            -0.25
        ],
        [
            0.7799999713897705,
            -0.5
        ],
        [
            0.7799999713897705,
            -1.0399999618530273
        ],
        [
            0.7799999713897705,
            -1.2899999618530273
        ],
        [
            0.7799999713897705,
            -1.5399999618530273
        ],
        [
            0.20999999344348907,
            -2.890000104904175
        ]
    ],
    "path_segments": [
        [
            0.20999999344348907,
            -2.9600000381469727,
            -1.1399999856948853,
            -2.9600000381469727,
            3
        ],
        [
            -1.1399999856948853,
            -2.9600000381469727,
            -1.1399999856948853,
            1.309999942779541,
            4
        ],
        [
            -1.1399999856948853,
            1.309999942779541,
            0.7799999713897705,
            1.309999942779541,
            3
        ],
        [
            0.7799999713897705,
            1.309999942779541,
            0.7799999713897705,
            -1.7200000286102295,
            4
        ],
        [
            0.7799999713897705,
            -1.7200000286102295,
            -1.0700000524520874,
            -1.7200000286102295,
            4
        ],
        [
            -1.0700000524520874,
            -1.7200000286102295,
            -1.0700000524520874,
            -2.890000104904175,
            4
        ],
        [
            -1.0700000524520874,
            -2.890000104904175,
            0.20999999344348907,
            -2.890000104904175,
            4
        ],
        [
            0.20999999344348907,
            -2.890000104904175,
            0.20999999344348907,
            -2.9600000381469727,
            3
        ]
    ],
    "racks": [
        [
            -0.8899999856948853,
            1.8899999856948853,
            0.9100000262260437,
            0.3499999940395355
        ],
        [
            0.27000001072883606,
            1.8899999856948853,
            0.9100000262260437,
            0.3499999940395355
        ],
        [
            1.3600000143051147,
            0.8799999952316284,
            0.3499999940395355,
            0.9100000262260437
        ],
        [
            1.350000023841858,
            -0.25,
            0.3499999940395355,
            0.9100000262260437
        ],
        [
            1.309999942779541,
            -1.2899999618530273,
            0.3499999940395355,
            0.9100000262260437
        ]
    ],
    "obstacle_bound": [
        -1.3300000429153442,
        -1.8700000047683716,
        1.0,
        1.440000057220459
    ],
    "arrival_threshold": 0.1,
    "theta_threshold": 0.05
}