{
    "scan_points": [
        [
            1.5,
            -2.799999952316284
        ],
        [
            -0.75,
            1.1799999475479126
        ],
        [
            -0.5,
            1.1799999475479126
        ],
        [
            -0.25,
            1.1799999475479126
        ],
        [
            0.7900000214576721,
            0.25
        ],
        [
            0.7900000214576721,
            0.0
        ],
        [
            0.7900000214576721,
            -0.25
        ],
        [
            1.5,
            -2.4000000953674316
        ]
    ],
    "path_segments": [
        [
            1.5,
            -2.799999952316284,
            -1.2799999713897705,
            -2.799999952316284,
            3
        ],
        [
            -1.2799999713897705,
            -2.799999952316284,
            -1.2799999713897705,
            1.1799999475479126,
            3
        ],
        [
            -1.2799999713897705,
            1.1799999475479126,
            0.7900000214576721,
            1.1799999475479126,
            3
        ],
        [
            0.7900000214576721,
            1.1799999475479126,
            0.7900000214576721,
            -1.9299999475479126,
            4
        ],
        [
            0.7900000214576721,
            -1.9299999475479126,
            -1.2400000095367432,
            -1.9299999475479126,
            4
        ],
        [
            -1.2400000095367432,
            -1.9299999475479126,
            -1.2400000095367432,
            -2.4000000953674316,
            4
        ],
        [
            -1.2400000095367432,
            -2.4000000953674316,
            1.5,
            -2.4000000953674316,
            4
        ],
        [
            1.5,
            -2.4000000953674316,
            1.5,
            -2.799999952316284,
            4
        ]
    ],
    "racks": [
        [
            -0.5,
            1.5,
            0.800000011920929,
            0.20000000298023224
        ],
        [
            1.0499999523162842,
            -0.019999999552965164,
            0.20000000298023224,
            0.800000011920929
        ]
    ]
}