{
    "scan_points": [
        [1.285, -1.23],
        [0.0, -1.23],
        [-0.785, -0.7],
        [-0.785, 0.7],
        [0.0, 1.23],
        [1.285,-0.73]
    ],
    "path_segments": [
        [1.285, -1.23, -0.785, -1.23, 5],
        [-0.785, -1.23, -0.785, 1.23, 2],
        [-0.785, 1.23, 1.285, 1.23, 3],
        [1.285, 1.23, 1.285, -0.73, 4],
        [1.285, -0.73, 1.285, -1.23, 5]
    ],
    "racks": [
        [
            -0.5,
            -0.5,
            0.800000011920929,
            0.20000000298023224
        ],
        [
            1.0,
            -0.5,
            0.800000011920929,
            0.20000000298023224
        ],
        [
            -1.0,
            1.5,
            0.800000011920929,
            0.20000000298023224
        ],
        [
            1.0,
            1.5,
            0.800000011920929,
            0.20000000298023224
        ]
    ]
}