{
    "scan_points": [
        [
            1.5,
            -2.799999952316284
        ],
        [
            -0.75,
            1.0
        ],
        [
            -0.5,
            1.0
        ],
        [
            -0.25,
            1.0
        ],
        [
            0.2800000011920929,
            0.8799999952316284
        ],
        [
            0.2800000011920929,
            0.6299999952316284
        ],
        [
            0.2800000011920929,
            0.3799999952316284
        ],
        [
            0.2800000011920929,
            0.25
        ],
        [
            0.2800000011920929,
            0.0
        ],
        [
            0.2800000011920929,
            -0.25
        ],
        [
            0.2800000011920929,
            -0.800000011920929
        ],
        [
            0.2800000011920929,
            -1.0499999523162842
        ],
        [
            0.2800000011920929,
            -1.2999999523162842
        ],
        [
            1.5,
            -2.509999990463257
        ]
    ],
    "path_segments": [
        [
            1.5,
            -2.799999952316284,
            -1.1399999856948853,
            -2.799999952316284,
            3
        ],
        [
            -1.1399999856948853,
            -2.799999952316284,
            -1.1399999856948853,
            1.0,
            3
        ],
        [
            -1.1399999856948853,
            1.0,
            0.2800000011920929,
            1.0,
            3
        ],
        [
            0.2800000011920929,
            1.0,
            0.2800000011920929,
            -1.690000057220459,
            4
        ],
        [
            0.2800000011920929,
            -1.690000057220459,
            -1.0099999904632568,
            -1.690000057220459,
            4
        ],
        [
            -1.0099999904632568,
            -1.690000057220459,
            -1.0099999904632568,
            -2.509999990463257,
            4
        ],
        [
            -1.0099999904632568,
            -2.509999990463257,
            1.5,
            -2.509999990463257,
            4
        ],
        [
            1.5,
            -2.509999990463257,
            1.5,
            -2.799999952316284,
            4
        ]
    ],
    "racks": [
        [
            -0.8700000047683716,
            1.5700000524520874,
            0.800000011920929,
            0.20000000298023224
        ],
        [
            0.8500000238418579,
            0.6299999952316284,
            0.20000000298023224,
            0.800000011920929
        ],
        [
            0.8399999737739563,
            -1.0499999523162842,
            0.20000000298023224,
            0.800000011920929
        ]
    ]
}