{
    "scan_points": [
        [
            1.059999942779541,
            -2.799999952316284
        ],
        [
            -0.75,
            1.0
        ],
        [
            -0.5,
            1.0
        ],
        [
            -0.25,
            1.0
        ],
        [
            0.5299999713897705,
            0.25
        ],
        [
            0.5299999713897705,
            0.0
        ],
        [
            0.5299999713897705,
            -0.25
        ],
        [
            1.059999942779541,
            -2.509999990463257
        ]
    ],
    "path_segments": [
        [
            1.059999942779541,
            -2.799999952316284,
            -1.149999976158142,
            -2.799999952316284,
            3
        ],
        [
            -1.149999976158142,
            -2.799999952316284,
            -1.149999976158142,
            1.0,
            3
        ],
        [
            -1.149999976158142,
            1.0,
            0.5299999713897705,
            1.0,
            3
        ],
        [
            0.5299999713897705,
            1.0,
            0.5299999713897705,
            -1.690000057220459,
            4
        ],
        [
            0.5299999713897705,
            -1.690000057220459,
            -0.8500000238418579,
            -1.690000057220459,
            4
        ],
        [
            -0.8500000238418579,
            -1.690000057220459,
            -0.8500000238418579,
            -2.509999990463257,
            4
        ],
        [
            -0.8500000238418579,
            -2.509999990463257,
            1.059999942779541,
            -2.509999990463257,
            4
        ],
        [
            1.059999942779541,
            -2.509999990463257,
            1.059999942779541,
            -2.799999952316284,
            3
        ]
    ],
    "racks": [
        [
            -0.5199999809265137,
            1.559999942779541,
            0.800000011920929,
            0.20000000298023224
        ],
        [
            1.0800000429153442,
            -0.009999999776482582,
            0.20000000298023224,
            0.800000011920929
        ]
    ],
    "obstacle_bound": [
        -1.600000023841858,
        -1.8799999952316284,
        0.7799999713897705,
        1.409999966621399
    ],
    "arrival_threshold": 0.1,
    "theta_threshold": 0.05
}